<?xml version="1.0" encoding="UTF-8"?>
<questestinterop xmlns="http://www.imsglobal.org/xsd/ims_qtiasiv1p2" xmlns:xsi="http://www.w3.org/2001/XMLSchema-instance" xsi:schemaLocation="http://www.imsglobal.org/xsd/ims_qtiasiv1p2 http://www.imsglobal.org/xsd/ims_qtiasiv1p2p1.xsd">
  <assessment ident="g632e1360f08659cd6301d5e61e3d53cc" title="Causal Inference (Remotely Proctored)">
    <qtimetadata>
      <qtimetadatafield>
        <fieldlabel>qmd_timelimit</fieldlabel>
        <fieldentry>60</fieldentry>
      </qtimetadatafield>
      <qtimetadatafield>
        <fieldlabel>cc_maxattempts</fieldlabel>
        <fieldentry>unlimited</fieldentry>
      </qtimetadatafield>
    </qtimetadata>
    <section ident="root_section">
      <item ident="gaef04224a234b7721de047fbc59136ac" title="Identify interventions">
        <itemmetadata>
          <qtimetadata>
            <qtimetadatafield>
              <fieldlabel>question_type</fieldlabel>
              <fieldentry>multiple_answers_question</fieldentry>
            </qtimetadatafield>
            <qtimetadatafield>
              <fieldlabel>points_possible</fieldlabel>
              <fieldentry>1.0</fieldentry>
            </qtimetadatafield>
            <qtimetadatafield>
              <fieldlabel>original_answer_ids</fieldlabel>
              <fieldentry>5546,6922,4087,3400,928,5120</fieldentry>
            </qtimetadatafield>
            <qtimetadatafield>
              <fieldlabel>assessment_question_identifierref</fieldlabel>
              <fieldentry>ge74610f5a4aa7edfd20cecc97aac26cb</fieldentry>
            </qtimetadatafield>
          </qtimetadata>
        </itemmetadata>
        <presentation>
          <material>
            <mattext texttype="text/html">&lt;div&gt;&lt;p&gt;&lt;span&gt;Which of the following specify an intervention on X?&lt;/span&gt;&lt;/p&gt;&lt;/div&gt;</mattext>
          </material>
          <response_lid ident="response1" rcardinality="Multiple">
            <render_choice>
              <response_label ident="5546">
                <material>
                  <mattext texttype="text/html">&lt;p&gt;You randomly assign patients with high blood pressure, who have not yet taken blood pressure lowering medication to take one of two drugs (X) and then record their blood pressure one month later (Y).&lt;/p&gt;</mattext>
                </material>
              </response_label>
              <response_label ident="6922">
                <material>
                  <mattext texttype="text/html">&lt;p&gt;You randomly extract patients from an EHR. X is the patient’s gender and Y is the patient’s total cholesterol.&lt;/p&gt;</mattext>
                </material>
              </response_label>
              <response_label ident="4087">
                <material>
                  <mattext texttype="text/html">&lt;p&gt;You randomly assign patients to one of two mobile health apps for weight loss: one that allows them to track their food and calories (the control group) and another that also gives feedback based on the food they are eating (the experimental group). You measure how many days each group uses the assigned app (X) over three months and measure each patient’s difference in weight at the end of the three months (Y).&lt;/p&gt;</mattext>
                </material>
              </response_label>
              <response_label ident="3400">
                <material>
                  <mattext texttype="text/plain">You randomly extract patients from the EHR who are taking oral insulin (X) over the last three months and also record their last measured HbA1c test result. (HbA1c measures the average level of blood sugar over the past 2 months.)</mattext>
                </material>
              </response_label>
              <response_label ident="928">
                <material>
                  <mattext texttype="text/html">&lt;p&gt;You give all patients who are newly diagnosed with high blood pressure, Lisonipril 10mg (a blood pressure lowering drug) for one month (X), then measure their blood pressure at the end of the month (Y).&lt;/p&gt;</mattext>
                </material>
              </response_label>
              <response_label ident="5120">
                <material>
                  <mattext texttype="text/html">&lt;p&gt;You randomly extract patients from the EHR who are taking oral insulin (X) over the last three months and also record their last measured HbA1c test result. (HbA1c measures the average level of blood sugar over the past 2 months.)&lt;/p&gt;</mattext>
                </material>
              </response_label>
            </render_choice>
          </response_lid>
        </presentation>
        <resprocessing>
          <outcomes>
            <decvar maxvalue="100" minvalue="0" varname="SCORE" vartype="Decimal"/>
          </outcomes>
          <respcondition continue="Yes">
            <conditionvar>
              <varequal respident="response1">5546</varequal>
            </conditionvar>
            <displayfeedback feedbacktype="Response" linkrefid="5546_fb"/>
          </respcondition>
          <respcondition continue="Yes">
            <conditionvar>
              <varequal respident="response1">6922</varequal>
            </conditionvar>
            <displayfeedback feedbacktype="Response" linkrefid="6922_fb"/>
          </respcondition>
          <respcondition continue="Yes">
            <conditionvar>
              <varequal respident="response1">4087</varequal>
            </conditionvar>
            <displayfeedback feedbacktype="Response" linkrefid="4087_fb"/>
          </respcondition>
          <respcondition continue="Yes">
            <conditionvar>
              <varequal respident="response1">928</varequal>
            </conditionvar>
            <displayfeedback feedbacktype="Response" linkrefid="928_fb"/>
          </respcondition>
          <respcondition continue="Yes">
            <conditionvar>
              <varequal respident="response1">5120</varequal>
            </conditionvar>
            <displayfeedback feedbacktype="Response" linkrefid="5120_fb"/>
          </respcondition>
          <respcondition continue="No">
            <conditionvar>
              <and>
                <varequal respident="response1">5546</varequal>
                <not>
                  <varequal respident="response1">6922</varequal>
                </not>
                <not>
                  <varequal respident="response1">4087</varequal>
                </not>
                <not>
                  <varequal respident="response1">3400</varequal>
                </not>
                <varequal respident="response1">928</varequal>
                <not>
                  <varequal respident="response1">5120</varequal>
                </not>
              </and>
            </conditionvar>
            <setvar action="Set" varname="SCORE">100</setvar>
          </respcondition>
        </resprocessing>
        <itemfeedback ident="5546_fb">
          <flow_mat>
            <material>
              <mattext texttype="text/html">&lt;p&gt;Randomly assigning patients to take one of two drugs is an intervention on X.&lt;/p&gt;</mattext>
            </material>
          </flow_mat>
        </itemfeedback>
        <itemfeedback ident="6922_fb">
          <flow_mat>
            <material>
              <mattext texttype="text/html">&lt;p&gt;Even though you randomly extract patients from the EHR, you are observing X, not intervening on X. To intervene on X you would have to randomly assign each person's gender--something that is not possible with gender, since you cannot force a person to take a specific gender. In the causal inference literature, a variable such as Gender, which is measurable and may have causal effects, is called a non-manipulable cause, because you can only observe it. Under certain conditions, you may be able to measure the causal effect of Gender by using observational causal inference techniques to block non-causal associations; however, you cannot conduct an RCT on the causal effect of Gender.&lt;/p&gt;</mattext>
            </material>
          </flow_mat>
        </itemfeedback>
        <itemfeedback ident="4087_fb">
          <flow_mat>
            <material>
              <mattext texttype="text/html">&lt;p&gt;Randomly assigning patients to one of two apps is an intervention; however, the number of days spent using the app (X) is observational, not interventional. To intervene on X you would have to force patients to use their assigned app a specific number of days per month.&lt;/p&gt;</mattext>
            </material>
          </flow_mat>
        </itemfeedback>
        <itemfeedback ident="928_fb">
          <flow_mat>
            <material>
              <mattext texttype="text/html">&lt;p&gt;Since you are forcing patients to take a specific drug, independent of all other factors that might influence treatment, this is an intervention on X. Note that this measure the causal effect of X=Lisinopril 10mg on Y: E(Y | X = Lisinopril 10 mg), not the average causal effect. To measure an average causal effect, you would need to randomly assign patients to one of two different conditions, say Lisinopril 10 mg. vs. 20mg.&lt;/p&gt;</mattext>
            </material>
          </flow_mat>
        </itemfeedback>
        <itemfeedback ident="5120_fb">
          <flow_mat>
            <material>
              <mattext texttype="text/html">&lt;p&gt;Even though you randomly extract patients from an EHR, you are simply observing those patients who take oral insulin (X), which is not an intervention on X. To intervene, you would have to randomly select patients, then force them to take oral insulin.&lt;/p&gt;</mattext>
            </material>
          </flow_mat>
        </itemfeedback>
      </item>
      <item ident="g8be30c2fa8affe1b5c51e75c024d46ad" title="Identify average causal effect measurements">
        <itemmetadata>
          <qtimetadata>
            <qtimetadatafield>
              <fieldlabel>question_type</fieldlabel>
              <fieldentry>multiple_answers_question</fieldentry>
            </qtimetadatafield>
            <qtimetadatafield>
              <fieldlabel>points_possible</fieldlabel>
              <fieldentry>1.0</fieldentry>
            </qtimetadatafield>
            <qtimetadatafield>
              <fieldlabel>original_answer_ids</fieldlabel>
              <fieldentry>7806,1110,6947,8727,1163</fieldentry>
            </qtimetadatafield>
            <qtimetadatafield>
              <fieldlabel>assessment_question_identifierref</fieldlabel>
              <fieldentry>ge64960ffa24a164375ca8be6156acc44</fieldentry>
            </qtimetadatafield>
          </qtimetadata>
        </itemmetadata>
        <presentation>
          <material>
            <mattext texttype="text/html">&lt;div&gt;&lt;p&gt;&lt;span&gt;Identify which of the following choices estimates the average causal effect of X on Y. In each case, you use linear regression to measure the association between X and Y, by regressing Y as a function of X. In each case, assume you have enough patients (say 10,000) to get a statistically meaningful association.&lt;/span&gt;&lt;/p&gt;&lt;/div&gt;</mattext>
          </material>
          <response_lid ident="response1" rcardinality="Multiple">
            <render_choice>
              <response_label ident="7806">
                <material>
                  <mattext texttype="text/html">&lt;p&gt;You randomly extract patients from an EHR. X is the patient’s gender and Y is the patient’s total cholesterol.&lt;/p&gt;</mattext>
                </material>
              </response_label>
              <response_label ident="1110">
                <material>
                  <mattext texttype="text/html">&lt;p&gt;You randomly assign patients with high blood pressure, who have not yet taken blood pressure lowering medication to take one of two drugs (X) and then record their blood pressure one month later (Y).&lt;/p&gt;</mattext>
                </material>
              </response_label>
              <response_label ident="6947">
                <material>
                  <mattext texttype="text/html">&lt;p&gt;You randomly assign patients with high blood pressure, who have not yet taken blood pressure lowering medication to take one of two drugs, and then record their blood pressure one month later (Y) along with each patient’s average minutes of exercise each day (X).&lt;/p&gt;</mattext>
                </material>
              </response_label>
              <response_label ident="8727">
                <material>
                  <mattext texttype="text/html">&lt;p&gt;You randomly distribute a survey to type 2 diabetic patients that includes a question asking them to estimate the amount of non-diet sodas they consumed per day (X) and what age they were when they were diagnosed with type 2 diabetes (Y).&lt;/p&gt;</mattext>
                </material>
              </response_label>
              <response_label ident="1163">
                <material>
                  <mattext texttype="text/plain">You give all patients who are newly diagnosed with high blood pressure, Lisonipril 10mg (a blood pressure lowering drug) for one month (X), then measure their blood pressure at the end of the month (Y).</mattext>
                </material>
              </response_label>
            </render_choice>
          </response_lid>
        </presentation>
        <resprocessing>
          <outcomes>
            <decvar maxvalue="100" minvalue="0" varname="SCORE" vartype="Decimal"/>
          </outcomes>
          <respcondition continue="Yes">
            <conditionvar>
              <varequal respident="response1">7806</varequal>
            </conditionvar>
            <displayfeedback feedbacktype="Response" linkrefid="7806_fb"/>
          </respcondition>
          <respcondition continue="Yes">
            <conditionvar>
              <varequal respident="response1">1110</varequal>
            </conditionvar>
            <displayfeedback feedbacktype="Response" linkrefid="1110_fb"/>
          </respcondition>
          <respcondition continue="Yes">
            <conditionvar>
              <varequal respident="response1">6947</varequal>
            </conditionvar>
            <displayfeedback feedbacktype="Response" linkrefid="6947_fb"/>
          </respcondition>
          <respcondition continue="Yes">
            <conditionvar>
              <varequal respident="response1">8727</varequal>
            </conditionvar>
            <displayfeedback feedbacktype="Response" linkrefid="8727_fb"/>
          </respcondition>
          <respcondition continue="Yes">
            <conditionvar>
              <varequal respident="response1">1163</varequal>
            </conditionvar>
            <displayfeedback feedbacktype="Response" linkrefid="1163_fb"/>
          </respcondition>
          <respcondition continue="No">
            <conditionvar>
              <and>
                <not>
                  <varequal respident="response1">7806</varequal>
                </not>
                <varequal respident="response1">1110</varequal>
                <not>
                  <varequal respident="response1">6947</varequal>
                </not>
                <not>
                  <varequal respident="response1">8727</varequal>
                </not>
                <not>
                  <varequal respident="response1">1163</varequal>
                </not>
              </and>
            </conditionvar>
            <setvar action="Set" varname="SCORE">100</setvar>
          </respcondition>
        </resprocessing>
        <itemfeedback ident="7806_fb">
          <flow_mat>
            <material>
              <mattext texttype="text/html">&lt;p&gt;Since X is simply observed (not an intervention) and you have not considered any confounders for X and Y, this is unlikely to give an estimate of the causal effect of X on Y.&lt;/p&gt;</mattext>
            </material>
          </flow_mat>
        </itemfeedback>
        <itemfeedback ident="1110_fb">
          <flow_mat>
            <material>
              <mattext texttype="text/html">&lt;p&gt;Here, you are intervening on X, so this would estimate the causal effect of X on Y.&lt;/p&gt;</mattext>
            </material>
          </flow_mat>
        </itemfeedback>
        <itemfeedback ident="6947_fb">
          <flow_mat>
            <material>
              <mattext texttype="text/html">&lt;p&gt;Here, the intervention is on medication, but not on average minutes of exercise per day (X), so X is observed and any association between X and Y may be confounded.&lt;/p&gt;</mattext>
            </material>
          </flow_mat>
        </itemfeedback>
        <itemfeedback ident="8727_fb">
          <flow_mat>
            <material>
              <mattext texttype="text/html">&lt;p&gt;Here, X is purely observational, not an intervention. As a result, there may be many confounders is the measured association between X and Y, such as genetics,  socio economic status, lifestyle, comorbidities, etc.&lt;/p&gt;</mattext>
            </material>
          </flow_mat>
        </itemfeedback>
        <itemfeedback ident="1163_fb">
          <flow_mat>
            <material>
              <mattext texttype="text/html">&lt;p&gt;The average causal effect is the difference in outcomes between two different interventions on a variable. In this case, you are intervening on X, but since all patients receive the same drug and dose you can calculate the causel effect, E(Y|do(X)), but not the average causal effect.&lt;/p&gt;</mattext>
            </material>
          </flow_mat>
        </itemfeedback>
      </item>
      <item ident="g4763e9effa562fc90d81a5bfaef7d39a" title="Identify causal effect estimate design">
        <itemmetadata>
          <qtimetadata>
            <qtimetadatafield>
              <fieldlabel>question_type</fieldlabel>
              <fieldentry>multiple_answers_question</fieldentry>
            </qtimetadatafield>
            <qtimetadatafield>
              <fieldlabel>points_possible</fieldlabel>
              <fieldentry>1.0</fieldentry>
            </qtimetadatafield>
            <qtimetadatafield>
              <fieldlabel>original_answer_ids</fieldlabel>
              <fieldentry>899,2931,8017,6</fieldentry>
            </qtimetadatafield>
            <qtimetadatafield>
              <fieldlabel>assessment_question_identifierref</fieldlabel>
              <fieldentry>g8690c80a042fc8e5fe3217e58cdc8e21</fieldentry>
            </qtimetadatafield>
          </qtimetadata>
        </itemmetadata>
        <presentation>
          <material>
            <mattext texttype="text/html">&lt;div&gt;&lt;p&gt;Identify which of the following choices estimates the causal effect of X on Y. In each case, you will measure the E(Y|X), which means the expected value of Y given the value of X as specified in the example. In each case, the expected value of Y is just the average of Y for the patients in the dataset. Assume the sample size is large enough to give a statistically meaningful association.&lt;/p&gt;&lt;/div&gt;</mattext>
          </material>
          <response_lid ident="response1" rcardinality="Multiple">
            <render_choice>
              <response_label ident="899">
                <material>
                  <mattext texttype="text/html">&lt;p&gt;You give all patients who are newly diagnosed with high blood pressure, Lisonipril 10mg (a blood pressure lowering drug) for one month (X), then measure their blood pressure at the end of the month (Y).&lt;/p&gt;</mattext>
                </material>
              </response_label>
              <response_label ident="2931">
                <material>
                  <mattext texttype="text/html">&lt;p&gt;You randomly extract patients from the EHR who are taking oral insulin (X) over the last three months and also record their last measured HbA1c test result. (HbA1c measures the average level of blood sugar over the past 2 months.)&lt;/p&gt;</mattext>
                </material>
              </response_label>
              <response_label ident="8017">
                <material>
                  <mattext texttype="text/html">&lt;p&gt;You randomly assign patients to one of two mobile health apps for weight loss: one that allows them to track their food and calories (the control group) and another that also gives feedback based on the food they are eating (the experimental group). You measure how many days (X) each person uses the assigned app over three months and measure each patient’s difference in weight at the end of the three months (Y).&lt;/p&gt;</mattext>
                </material>
              </response_label>
              <response_label ident="6">
                <material>
                  <mattext texttype="text/html">&lt;p&gt;You randomly assign patients to one of two mobile health apps (X) for weight loss: one that allows them to track their food and calories (the control group) and another that also gives feedback based on the food they are eating (the experimental group). You measure each patient’s difference in weight at the end of the three months (Y).&lt;/p&gt;</mattext>
                </material>
              </response_label>
            </render_choice>
          </response_lid>
        </presentation>
        <resprocessing>
          <outcomes>
            <decvar maxvalue="100" minvalue="0" varname="SCORE" vartype="Decimal"/>
          </outcomes>
          <respcondition continue="Yes">
            <conditionvar>
              <varequal respident="response1">899</varequal>
            </conditionvar>
            <displayfeedback feedbacktype="Response" linkrefid="899_fb"/>
          </respcondition>
          <respcondition continue="Yes">
            <conditionvar>
              <varequal respident="response1">2931</varequal>
            </conditionvar>
            <displayfeedback feedbacktype="Response" linkrefid="2931_fb"/>
          </respcondition>
          <respcondition continue="Yes">
            <conditionvar>
              <varequal respident="response1">8017</varequal>
            </conditionvar>
            <displayfeedback feedbacktype="Response" linkrefid="8017_fb"/>
          </respcondition>
          <respcondition continue="Yes">
            <conditionvar>
              <varequal respident="response1">6</varequal>
            </conditionvar>
            <displayfeedback feedbacktype="Response" linkrefid="6_fb"/>
          </respcondition>
          <respcondition continue="No">
            <conditionvar>
              <and>
                <varequal respident="response1">899</varequal>
                <not>
                  <varequal respident="response1">2931</varequal>
                </not>
                <not>
                  <varequal respident="response1">8017</varequal>
                </not>
                <varequal respident="response1">6</varequal>
              </and>
            </conditionvar>
            <setvar action="Set" varname="SCORE">100</setvar>
          </respcondition>
        </resprocessing>
        <itemfeedback ident="899_fb">
          <flow_mat>
            <material>
              <mattext texttype="text/html">&lt;p&gt;Since all patients are forced to take the same medication, this is an intervention on X, which means you can estimate the causal effect of X on Y.&lt;/p&gt;</mattext>
            </material>
          </flow_mat>
        </itemfeedback>
        <itemfeedback ident="2931_fb">
          <flow_mat>
            <material>
              <mattext texttype="text/html">&lt;p&gt;Here oral insulin (X) is simply observed, not an intervention. &lt;/p&gt;</mattext>
            </material>
          </flow_mat>
        </itemfeedback>
        <itemfeedback ident="8017_fb">
          <flow_mat>
            <material>
              <mattext texttype="text/html">&lt;p&gt;Although patients are randomized to one of two apps, X is simply observed and hence is not intervened on.&lt;/p&gt;</mattext>
            </material>
          </flow_mat>
        </itemfeedback>
        <itemfeedback ident="6_fb">
          <flow_mat>
            <material>
              <mattext texttype="text/html">&lt;p&gt;Since X is the app and patients are randomly assigned to use one of two apps, X is intervened on, so this design gives the causal effect of X on Y.&lt;/p&gt;</mattext>
            </material>
          </flow_mat>
        </itemfeedback>
      </item>
      <item ident="g99b432a8d43eaeae2920a4a90f12b5d5" title="Identify DAG representing a generative model">
        <itemmetadata>
          <qtimetadata>
            <qtimetadatafield>
              <fieldlabel>question_type</fieldlabel>
              <fieldentry>multiple_choice_question</fieldentry>
            </qtimetadatafield>
            <qtimetadatafield>
              <fieldlabel>points_possible</fieldlabel>
              <fieldentry>1.0</fieldentry>
            </qtimetadatafield>
            <qtimetadatafield>
              <fieldlabel>original_answer_ids</fieldlabel>
              <fieldentry>3929,5132,8010</fieldentry>
            </qtimetadatafield>
            <qtimetadatafield>
              <fieldlabel>assessment_question_identifierref</fieldlabel>
              <fieldentry>g3229ab7987361ef8d110ab86abcdad8a</fieldentry>
            </qtimetadatafield>
          </qtimetadata>
        </itemmetadata>
        <presentation>
          <material>
            <mattext texttype="text/html">&lt;div&gt;
&lt;p&gt;&lt;span&gt;Given the following generative model select the DAG that represents it&lt;/span&gt;&lt;/p&gt;
&lt;pre class="r"&gt;&lt;code class="hljs"&gt;n &amp;lt;- &lt;span class="hljs-number"&gt;10000&lt;/span&gt;
x &amp;lt;- rnorm(n)
y &amp;lt;- rnorm(n)
z &amp;lt;- &lt;span class="hljs-number"&gt;0.5&lt;/span&gt;*x + &lt;span class="hljs-number"&gt;2&lt;/span&gt;*y&lt;br&gt;&lt;br&gt;&lt;/code&gt;&lt;/pre&gt;
&lt;/div&gt;</mattext>
          </material>
          <response_lid ident="response1" rcardinality="Single">
            <render_choice>
              <response_label ident="3929">
                <material>
                  <mattext texttype="text/html">&lt;p&gt;&lt;img src="https://uth.instructure.com/users/4912/files/2748842/preview?verifier=H2qSi2lAp8QHhSaYZWfAEdjwbpk8vpUSUsRKViul" alt="q4c1.png" width="277" height="198"&gt;&lt;img width="1344" height="960"&gt;&lt;/p&gt;</mattext>
                </material>
              </response_label>
              <response_label ident="5132">
                <material>
                  <mattext texttype="text/html">&lt;p&gt;&lt;img src="https://uth.instructure.com/users/4912/files/2748852/preview?verifier=OrCki3x2pkjHLOpjgKwpRiegCipqgRW3dUg5Dnd8" alt="q4c2.png" width="301" height="215"&gt;&lt;img width="276" height="197"&gt;&lt;/p&gt;</mattext>
                </material>
              </response_label>
              <response_label ident="8010">
                <material>
                  <mattext texttype="text/html">&lt;p&gt;&lt;img src="https://uth.instructure.com/users/4912/files/2748854/preview?verifier=Baw6aPhnt70nxNBehDjR6WFtatMWA7LEynuUe5NZ" alt="q4c3.png" width="300" height="214"&gt;&lt;img width="252" height="180"&gt;&lt;/p&gt;</mattext>
                </material>
              </response_label>
            </render_choice>
          </response_lid>
        </presentation>
        <resprocessing>
          <outcomes>
            <decvar maxvalue="100" minvalue="0" varname="SCORE" vartype="Decimal"/>
          </outcomes>
          <respcondition continue="Yes">
            <conditionvar>
              <varequal respident="response1">3929</varequal>
            </conditionvar>
            <displayfeedback feedbacktype="Response" linkrefid="3929_fb"/>
          </respcondition>
          <respcondition continue="Yes">
            <conditionvar>
              <varequal respident="response1">5132</varequal>
            </conditionvar>
            <displayfeedback feedbacktype="Response" linkrefid="5132_fb"/>
          </respcondition>
          <respcondition continue="Yes">
            <conditionvar>
              <varequal respident="response1">8010</varequal>
            </conditionvar>
            <displayfeedback feedbacktype="Response" linkrefid="8010_fb"/>
          </respcondition>
          <respcondition continue="No">
            <conditionvar>
              <varequal respident="response1">3929</varequal>
            </conditionvar>
            <setvar action="Set" varname="SCORE">100</setvar>
          </respcondition>
        </resprocessing>
        <itemfeedback ident="3929_fb">
          <flow_mat>
            <material>
              <mattext texttype="text/html">&lt;p&gt;This is correct. X, Y, and Z, are the endogenous variables in the generative model. X and Y are influenced only by noise (exogenous variables, not specified by equations in the model), thus X and Y have no arrows going into themselves. The expression for Y shows that Y's value is completely determined by X and Y, so an arrow points from X and Y into Z.&lt;/p&gt;</mattext>
            </material>
          </flow_mat>
        </itemfeedback>
        <itemfeedback ident="5132_fb">
          <flow_mat>
            <material>
              <mattext texttype="text/html">&lt;p&gt;The arrows in this DAG are backward, because this DAG says that the value of X depends solely on Z and the value of Y depends solely on Z. In this diagram, Z is not influenced by X and Y, which contradicts the generative model.&lt;/p&gt;</mattext>
            </material>
          </flow_mat>
        </itemfeedback>
        <itemfeedback ident="8010_fb">
          <flow_mat>
            <material>
              <mattext texttype="text/html">&lt;p&gt;This DAG says that Z's value is determined by Y and Y's value is determined by X, but the generative model shows that Z's value is determined by X and Y.&lt;/p&gt;</mattext>
            </material>
          </flow_mat>
        </itemfeedback>
      </item>
      <item ident="g00e45b18ffa64b6079ae29730c882e77" title="Describe effect of intervention on DAG">
        <itemmetadata>
          <qtimetadata>
            <qtimetadatafield>
              <fieldlabel>question_type</fieldlabel>
              <fieldentry>multiple_choice_question</fieldentry>
            </qtimetadatafield>
            <qtimetadatafield>
              <fieldlabel>points_possible</fieldlabel>
              <fieldentry>1.0</fieldentry>
            </qtimetadatafield>
            <qtimetadatafield>
              <fieldlabel>original_answer_ids</fieldlabel>
              <fieldentry>1870,6312,2370,5284,3009</fieldentry>
            </qtimetadatafield>
            <qtimetadatafield>
              <fieldlabel>assessment_question_identifierref</fieldlabel>
              <fieldentry>g37fdfb8845dfcb434177dd2225f8618b</fieldentry>
            </qtimetadatafield>
          </qtimetadata>
        </itemmetadata>
        <presentation>
          <material>
            <mattext texttype="text/html">&lt;div&gt;
&lt;p&gt;&lt;span&gt;Suppose that the following causal DAG shows how socio-economic status (S) and gender (G) affects diet (D) and weight (W). Select the causal DAG below that results from intervening on Diet (D).&lt;/span&gt;&lt;/p&gt;
&lt;p&gt;&lt;img src="https://uth.instructure.com/users/4912/files/2748861/preview?verifier=gyyy7zpe3oq0spYbXOdvfbLgjy6ScV0wl22RvD4T" alt="Q5dag.png" width="300" height="214"&gt;&lt;/p&gt;
&lt;/div&gt;</mattext>
          </material>
          <response_lid ident="response1" rcardinality="Single">
            <render_choice>
              <response_label ident="1870">
                <material>
                  <mattext texttype="text/html">&lt;p&gt;&lt;img src="https://uth.instructure.com/users/4912/files/2748863/preview?verifier=Fk6GjKBBllhRpzvK9f6eDELBDfhFIywssCtfFC1D" alt="Q5a1.png" width="300" height="214"&gt;&lt;/p&gt;</mattext>
                </material>
              </response_label>
              <response_label ident="6312">
                <material>
                  <mattext texttype="text/html">&lt;p&gt;&lt;img src="https://uth.instructure.com/users/4912/files/2748865/preview?verifier=XfTqYyoQ5YefwabkLrJik19iDDyHHFsRn6S84hpI" alt="Q5a2.png" width="300" height="214"&gt;&lt;/p&gt;</mattext>
                </material>
              </response_label>
              <response_label ident="2370">
                <material>
                  <mattext texttype="text/html">&lt;p&gt;&lt;img src="https://uth.instructure.com/users/4912/files/2748867/preview?verifier=HpNxlxjz0erRRHMekOX2GBTSPrLINprQT9iUs026" alt="Q5a3.png" width="300" height="214"&gt;&lt;/p&gt;</mattext>
                </material>
              </response_label>
              <response_label ident="5284">
                <material>
                  <mattext texttype="text/html">&lt;p&gt;&lt;img src="https://uth.instructure.com/users/4912/files/2748869/preview?verifier=4nzGYbewvRoTODarbnCf4aEVUCjdFiPs9jyoLFrh" alt="Q5a4.png" width="300" height="214"&gt;&lt;/p&gt;</mattext>
                </material>
              </response_label>
              <response_label ident="3009">
                <material>
                  <mattext texttype="text/html">&lt;p&gt;&lt;img src="https://uth.instructure.com/users/4912/files/2748870/preview?verifier=ef3ra19JFbENIXyLg5m7h70q8noi3XiERVHb58HX" alt="Q5a5.png" width="300" height="214"&gt;&lt;/p&gt;</mattext>
                </material>
              </response_label>
            </render_choice>
          </response_lid>
        </presentation>
        <resprocessing>
          <outcomes>
            <decvar maxvalue="100" minvalue="0" varname="SCORE" vartype="Decimal"/>
          </outcomes>
          <respcondition continue="Yes">
            <conditionvar>
              <varequal respident="response1">1870</varequal>
            </conditionvar>
            <displayfeedback feedbacktype="Response" linkrefid="1870_fb"/>
          </respcondition>
          <respcondition continue="Yes">
            <conditionvar>
              <varequal respident="response1">6312</varequal>
            </conditionvar>
            <displayfeedback feedbacktype="Response" linkrefid="6312_fb"/>
          </respcondition>
          <respcondition continue="Yes">
            <conditionvar>
              <varequal respident="response1">2370</varequal>
            </conditionvar>
            <displayfeedback feedbacktype="Response" linkrefid="2370_fb"/>
          </respcondition>
          <respcondition continue="Yes">
            <conditionvar>
              <varequal respident="response1">5284</varequal>
            </conditionvar>
            <displayfeedback feedbacktype="Response" linkrefid="5284_fb"/>
          </respcondition>
          <respcondition continue="Yes">
            <conditionvar>
              <varequal respident="response1">3009</varequal>
            </conditionvar>
            <displayfeedback feedbacktype="Response" linkrefid="3009_fb"/>
          </respcondition>
          <respcondition continue="No">
            <conditionvar>
              <varequal respident="response1">1870</varequal>
            </conditionvar>
            <setvar action="Set" varname="SCORE">100</setvar>
          </respcondition>
        </resprocessing>
        <itemfeedback ident="1870_fb">
          <flow_mat>
            <material>
              <mattext texttype="text/html">&lt;p&gt;Intervening on D means that variables that originally influenced it values can no longer influence its value, as a result, all arrows going into D must be removed from the graph. In this case, the arrows S and G to D are removed to reflect the intervention on G.&lt;/p&gt;</mattext>
            </material>
          </flow_mat>
        </itemfeedback>
        <itemfeedback ident="6312_fb">
          <flow_mat>
            <material>
              <mattext texttype="text/html">&lt;p&gt;Intervening on D removes the arrow from G to D, but also would result in removing one of the other arrows.&lt;/p&gt;</mattext>
            </material>
          </flow_mat>
        </itemfeedback>
        <itemfeedback ident="2370_fb">
          <flow_mat>
            <material>
              <mattext texttype="text/html">&lt;p&gt;Intervening on D would not remove the arrow from G to W.&lt;/p&gt;</mattext>
            </material>
          </flow_mat>
        </itemfeedback>
        <itemfeedback ident="5284_fb">
          <flow_mat>
            <material>
              <mattext texttype="text/html">&lt;p&gt;Intervening on D removes the arrow from S to D, but one other arrow must also be removed.&lt;/p&gt;</mattext>
            </material>
          </flow_mat>
        </itemfeedback>
        <itemfeedback ident="3009_fb">
          <flow_mat>
            <material>
              <mattext texttype="text/html">&lt;p&gt;Intervening on D does not remove the arrow from D to W.&lt;/p&gt;</mattext>
            </material>
          </flow_mat>
        </itemfeedback>
      </item>
      <item ident="g2f7ae98b55157ec209966458732796f8" title="Describe DAG after intervening on S">
        <itemmetadata>
          <qtimetadata>
            <qtimetadatafield>
              <fieldlabel>question_type</fieldlabel>
              <fieldentry>multiple_choice_question</fieldentry>
            </qtimetadatafield>
            <qtimetadatafield>
              <fieldlabel>points_possible</fieldlabel>
              <fieldentry>1.0</fieldentry>
            </qtimetadatafield>
            <qtimetadatafield>
              <fieldlabel>original_answer_ids</fieldlabel>
              <fieldentry>7468,3082,9137,5785,1845</fieldentry>
            </qtimetadatafield>
            <qtimetadatafield>
              <fieldlabel>assessment_question_identifierref</fieldlabel>
              <fieldentry>g61c9bbd0a3b093d1d257d0adc501521e</fieldentry>
            </qtimetadatafield>
          </qtimetadata>
        </itemmetadata>
        <presentation>
          <material>
            <mattext texttype="text/html">&lt;div&gt;
&lt;p&gt;&lt;span&gt;Suppose that the following model shows how socio-economic status (S) and gender (G) affects diet (D) and weight (W). Select the causal DAG that results from intervening on socio-economic status (S).&lt;/span&gt;&lt;/p&gt;
&lt;p&gt;&lt;img src="https://uth.instructure.com/users/4912/files/2748861/preview?verifier=gyyy7zpe3oq0spYbXOdvfbLgjy6ScV0wl22RvD4T" alt="Q5dag.png" width="300" height="214"&gt;&lt;/p&gt;
&lt;p&gt; &lt;/p&gt;
&lt;/div&gt;</mattext>
          </material>
          <response_lid ident="response1" rcardinality="Single">
            <render_choice>
              <response_label ident="7468">
                <material>
                  <mattext texttype="text/html">&lt;p&gt;&lt;img src="https://uth.instructure.com/users/4912/files/2748905/preview?verifier=DcodBwTXX5l8qxBbcWh3HZHSeXcXTNV0ZGO5X773" alt="Q6a1.png" width="300" height="214"&gt;&lt;/p&gt;</mattext>
                </material>
              </response_label>
              <response_label ident="3082">
                <material>
                  <mattext texttype="text/html">&lt;p&gt;&lt;img src="https://uth.instructure.com/users/4912/files/2748906/preview?verifier=DyZIQG08QBprC8gEF8WOb0R64XRSRk4nYytlbRKq" alt="Q6a2.png" width="300" height="214"&gt;&lt;/p&gt;</mattext>
                </material>
              </response_label>
              <response_label ident="9137">
                <material>
                  <mattext texttype="text/html">&lt;p&gt;&lt;img src="https://uth.instructure.com/users/4912/files/2748909/preview?verifier=FKTBVo90qY6VgdSmgZaFTJOV9HQ6UPFrGByn3EZJ" alt="Q6a3.png" width="300" height="214"&gt;&lt;/p&gt;</mattext>
                </material>
              </response_label>
              <response_label ident="5785">
                <material>
                  <mattext texttype="text/html">&lt;p&gt;&lt;img src="https://uth.instructure.com/users/4912/files/2748912/preview?verifier=23wKYPyszWQI6ihf1oErujlb5lINe6KBoCWT9bU4" alt="Q6a4.png" width="300" height="214"&gt;&lt;/p&gt;</mattext>
                </material>
              </response_label>
              <response_label ident="1845">
                <material>
                  <mattext texttype="text/html">&lt;p&gt;&lt;img src="https://uth.instructure.com/users/4912/files/2748914/preview?verifier=VDg3jQYs9yTFWFAqI8WZE16LSSk3Hr46ISq64mnQ" alt="Q6a5.png" width="300" height="214"&gt;&lt;/p&gt;</mattext>
                </material>
              </response_label>
            </render_choice>
          </response_lid>
        </presentation>
        <resprocessing>
          <outcomes>
            <decvar maxvalue="100" minvalue="0" varname="SCORE" vartype="Decimal"/>
          </outcomes>
          <respcondition continue="Yes">
            <conditionvar>
              <varequal respident="response1">7468</varequal>
            </conditionvar>
            <displayfeedback feedbacktype="Response" linkrefid="7468_fb"/>
          </respcondition>
          <respcondition continue="Yes">
            <conditionvar>
              <varequal respident="response1">3082</varequal>
            </conditionvar>
            <displayfeedback feedbacktype="Response" linkrefid="3082_fb"/>
          </respcondition>
          <respcondition continue="No">
            <conditionvar>
              <varequal respident="response1">7468</varequal>
            </conditionvar>
            <setvar action="Set" varname="SCORE">100</setvar>
          </respcondition>
        </resprocessing>
        <itemfeedback ident="7468_fb">
          <flow_mat>
            <material>
              <mattext texttype="text/html">&lt;p&gt;Intervening on a variable means that all arrows pointing into the variable are removed; however, since S does not have any other variables in the DAG that point into it, intervening on S does not change the graph.&lt;/p&gt;</mattext>
            </material>
          </flow_mat>
        </itemfeedback>
        <itemfeedback ident="3082_fb">
          <flow_mat>
            <material>
              <mattext texttype="text/html">&lt;p&gt;Intervening on S does not remove the arrow from G to D.&lt;/p&gt;</mattext>
            </material>
          </flow_mat>
        </itemfeedback>
      </item>
      <item ident="g84d50ce9a2f9200e4113dea9053e39ad" title="Question">
        <itemmetadata>
          <qtimetadata>
            <qtimetadatafield>
              <fieldlabel>question_type</fieldlabel>
              <fieldentry>multiple_choice_question</fieldentry>
            </qtimetadatafield>
            <qtimetadatafield>
              <fieldlabel>points_possible</fieldlabel>
              <fieldentry>1.0</fieldentry>
            </qtimetadatafield>
            <qtimetadatafield>
              <fieldlabel>original_answer_ids</fieldlabel>
              <fieldentry>468,4108,399,4052</fieldentry>
            </qtimetadatafield>
            <qtimetadatafield>
              <fieldlabel>assessment_question_identifierref</fieldlabel>
              <fieldentry>gc7d200f4a1c2310ef3f947e7aee76e39</fieldentry>
            </qtimetadatafield>
          </qtimetadata>
        </itemmetadata>
        <presentation>
          <material>
            <mattext texttype="text/html">&lt;div&gt;
&lt;p&gt;Given the causal DAG below select the answer that shows all non-causal paths from D to W&lt;/p&gt;
&lt;p&gt;&lt;img src="https://uth.instructure.com/users/4912/files/2748861/preview?verifier=gyyy7zpe3oq0spYbXOdvfbLgjy6ScV0wl22RvD4T" alt="Q5dag.png" width="300" height="215"&gt;&lt;/p&gt;
&lt;/div&gt;</mattext>
          </material>
          <response_lid ident="response1" rcardinality="Single">
            <render_choice>
              <response_label ident="468">
                <material>
                  <mattext texttype="text/plain">D &lt;- G -&gt; W</mattext>
                </material>
              </response_label>
              <response_label ident="4108">
                <material>
                  <mattext texttype="text/plain">W &lt;- D, D &lt;- G -&gt; W</mattext>
                </material>
              </response_label>
              <response_label ident="399">
                <material>
                  <mattext texttype="text/plain">W &lt;- D</mattext>
                </material>
              </response_label>
              <response_label ident="4052">
                <material>
                  <mattext texttype="text/plain">S -&gt; G -&gt; W</mattext>
                </material>
              </response_label>
            </render_choice>
          </response_lid>
        </presentation>
        <resprocessing>
          <outcomes>
            <decvar maxvalue="100" minvalue="0" varname="SCORE" vartype="Decimal"/>
          </outcomes>
          <respcondition continue="Yes">
            <conditionvar>
              <varequal respident="response1">468</varequal>
            </conditionvar>
            <displayfeedback feedbacktype="Response" linkrefid="468_fb"/>
          </respcondition>
          <respcondition continue="Yes">
            <conditionvar>
              <varequal respident="response1">4108</varequal>
            </conditionvar>
            <displayfeedback feedbacktype="Response" linkrefid="4108_fb"/>
          </respcondition>
          <respcondition continue="Yes">
            <conditionvar>
              <varequal respident="response1">399</varequal>
            </conditionvar>
            <displayfeedback feedbacktype="Response" linkrefid="399_fb"/>
          </respcondition>
          <respcondition continue="Yes">
            <conditionvar>
              <varequal respident="response1">4052</varequal>
            </conditionvar>
            <displayfeedback feedbacktype="Response" linkrefid="4052_fb"/>
          </respcondition>
          <respcondition continue="No">
            <conditionvar>
              <varequal respident="response1">468</varequal>
            </conditionvar>
            <setvar action="Set" varname="SCORE">100</setvar>
          </respcondition>
        </resprocessing>
        <itemfeedback ident="468_fb">
          <flow_mat>
            <material>
              <mattext texttype="text/html">&lt;p&gt;This is a non-causal path from D to W because it starts at D, ends at W, but contains arrows that do not point in the direction from D to W.&lt;/p&gt;</mattext>
            </material>
          </flow_mat>
        </itemfeedback>
        <itemfeedback ident="4108_fb">
          <flow_mat>
            <material>
              <mattext texttype="text/html">&lt;p&gt;W &amp;lt;- D is not a  path from D to W, because it starts with W and ends with D. Note that the path D -&amp;gt; W is a valid path from D to W, but this is a causal path.&lt;/p&gt;</mattext>
            </material>
          </flow_mat>
        </itemfeedback>
        <itemfeedback ident="399_fb">
          <flow_mat>
            <material>
              <mattext texttype="text/html">&lt;p&gt;W &amp;lt;- D is not a  path from D to W, because it starts with W and ends with D. Note that the path D -&amp;gt; W is a valid path from D to W, but this is a causal path.&lt;/p&gt;</mattext>
            </material>
          </flow_mat>
        </itemfeedback>
        <itemfeedback ident="4052_fb">
          <flow_mat>
            <material>
              <mattext texttype="text/html">&lt;p&gt;A causal path from D to W, must begin with D and end with W. This path begins with S.&lt;/p&gt;</mattext>
            </material>
          </flow_mat>
        </itemfeedback>
      </item>
      <item ident="gef4bbfbed7491a4f926c1e8ff4c354ca" title="Adjust for D on W">
        <itemmetadata>
          <qtimetadata>
            <qtimetadatafield>
              <fieldlabel>question_type</fieldlabel>
              <fieldentry>multiple_choice_question</fieldentry>
            </qtimetadatafield>
            <qtimetadatafield>
              <fieldlabel>points_possible</fieldlabel>
              <fieldentry>1.0</fieldentry>
            </qtimetadatafield>
            <qtimetadatafield>
              <fieldlabel>original_answer_ids</fieldlabel>
              <fieldentry>9373,7935,6977,976,6668</fieldentry>
            </qtimetadatafield>
            <qtimetadatafield>
              <fieldlabel>assessment_question_identifierref</fieldlabel>
              <fieldentry>g06faf68495a98aa8fc1a77f5ab152a64</fieldentry>
            </qtimetadatafield>
          </qtimetadata>
        </itemmetadata>
        <presentation>
          <material>
            <mattext texttype="text/html">&lt;div&gt;
&lt;p&gt;Given the causal DAG below select the answer that shows all variables that you must adjust for to estimate the direct causal effect of D on W&lt;/p&gt;
&lt;p&gt;&lt;img src="https://uth.instructure.com/users/4912/files/2748861/preview?verifier=gyyy7zpe3oq0spYbXOdvfbLgjy6ScV0wl22RvD4T" alt="Q5dag.png" width="300" height="215"&gt;&lt;/p&gt;
&lt;/div&gt;</mattext>
          </material>
          <response_lid ident="response1" rcardinality="Single">
            <render_choice>
              <response_label ident="9373">
                <material>
                  <mattext texttype="text/plain">G</mattext>
                </material>
              </response_label>
              <response_label ident="7935">
                <material>
                  <mattext texttype="text/plain">S</mattext>
                </material>
              </response_label>
              <response_label ident="6977">
                <material>
                  <mattext texttype="text/plain">W</mattext>
                </material>
              </response_label>
              <response_label ident="976">
                <material>
                  <mattext texttype="text/plain">S and G</mattext>
                </material>
              </response_label>
              <response_label ident="6668">
                <material>
                  <mattext texttype="text/plain">No variables require adjustment</mattext>
                </material>
              </response_label>
            </render_choice>
          </response_lid>
        </presentation>
        <resprocessing>
          <outcomes>
            <decvar maxvalue="100" minvalue="0" varname="SCORE" vartype="Decimal"/>
          </outcomes>
          <respcondition continue="Yes">
            <conditionvar>
              <varequal respident="response1">9373</varequal>
            </conditionvar>
            <displayfeedback feedbacktype="Response" linkrefid="9373_fb"/>
          </respcondition>
          <respcondition continue="Yes">
            <conditionvar>
              <varequal respident="response1">7935</varequal>
            </conditionvar>
            <displayfeedback feedbacktype="Response" linkrefid="7935_fb"/>
          </respcondition>
          <respcondition continue="Yes">
            <conditionvar>
              <varequal respident="response1">6977</varequal>
            </conditionvar>
            <displayfeedback feedbacktype="Response" linkrefid="6977_fb"/>
          </respcondition>
          <respcondition continue="Yes">
            <conditionvar>
              <varequal respident="response1">976</varequal>
            </conditionvar>
            <displayfeedback feedbacktype="Response" linkrefid="976_fb"/>
          </respcondition>
          <respcondition continue="No">
            <conditionvar>
              <varequal respident="response1">9373</varequal>
            </conditionvar>
            <setvar action="Set" varname="SCORE">100</setvar>
          </respcondition>
        </resprocessing>
        <itemfeedback ident="9373_fb">
          <flow_mat>
            <material>
              <mattext texttype="text/html">&lt;p&gt;In this DAG, D &amp;lt;- G -&amp;gt; W is the only non-causal path from D to W. Adjusting for G, blocks this path, allowing you to estimate the direct causal effect of D on W.  Note that since there is only one causal path from D to W, the direct effect of D on W is also the total effect.&lt;/p&gt;</mattext>
            </material>
          </flow_mat>
        </itemfeedback>
        <itemfeedback ident="7935_fb">
          <flow_mat>
            <material>
              <mattext texttype="text/html">&lt;p&gt;There is no non-causal path from D to W that goes through S, S does not need to be adjusted.&lt;/p&gt;</mattext>
            </material>
          </flow_mat>
        </itemfeedback>
        <itemfeedback ident="6977_fb">
          <flow_mat>
            <material>
              <mattext texttype="text/html">&lt;p&gt;Adjusting for W would prevent us from estimating the effect of D on W.&lt;/p&gt;</mattext>
            </material>
          </flow_mat>
        </itemfeedback>
        <itemfeedback ident="976_fb">
          <flow_mat>
            <material>
              <mattext texttype="text/html">&lt;p&gt;Although S could be adjusted for, it is not needed because it is not on a non-causal path between D and W.&lt;/p&gt;</mattext>
            </material>
          </flow_mat>
        </itemfeedback>
      </item>
      <item ident="gdeac35661bb590d6538a07efdfd211c9" title="Adjust for G on W">
        <itemmetadata>
          <qtimetadata>
            <qtimetadatafield>
              <fieldlabel>question_type</fieldlabel>
              <fieldentry>multiple_choice_question</fieldentry>
            </qtimetadatafield>
            <qtimetadatafield>
              <fieldlabel>points_possible</fieldlabel>
              <fieldentry>1.0</fieldentry>
            </qtimetadatafield>
            <qtimetadatafield>
              <fieldlabel>original_answer_ids</fieldlabel>
              <fieldentry>3726,4704,9102,8389,437</fieldentry>
            </qtimetadatafield>
            <qtimetadatafield>
              <fieldlabel>assessment_question_identifierref</fieldlabel>
              <fieldentry>gb61a5a75855e4ba580fa3fab043454ba</fieldentry>
            </qtimetadatafield>
          </qtimetadata>
        </itemmetadata>
        <presentation>
          <material>
            <mattext texttype="text/html">&lt;div&gt;
&lt;p&gt;Given the causal DAG below select the answer that shows all variables that you must adjust for to estimate the &lt;strong&gt;TOTAL causal effect of G on W&lt;/strong&gt;&lt;/p&gt;
&lt;p&gt;&lt;img src="https://uth.instructure.com/users/4912/files/2748861/preview?verifier=gyyy7zpe3oq0spYbXOdvfbLgjy6ScV0wl22RvD4T" alt="Q5dag.png" width="300" height="214"&gt;&lt;/p&gt;
&lt;/div&gt;</mattext>
          </material>
          <response_lid ident="response1" rcardinality="Single">
            <render_choice>
              <response_label ident="3726">
                <material>
                  <mattext texttype="text/plain">No variables require adjustment</mattext>
                </material>
              </response_label>
              <response_label ident="4704">
                <material>
                  <mattext texttype="text/plain">S</mattext>
                </material>
              </response_label>
              <response_label ident="9102">
                <material>
                  <mattext texttype="text/plain">W</mattext>
                </material>
              </response_label>
              <response_label ident="8389">
                <material>
                  <mattext texttype="text/plain">S and D</mattext>
                </material>
              </response_label>
              <response_label ident="437">
                <material>
                  <mattext texttype="text/plain">D</mattext>
                </material>
              </response_label>
            </render_choice>
          </response_lid>
        </presentation>
        <resprocessing>
          <outcomes>
            <decvar maxvalue="100" minvalue="0" varname="SCORE" vartype="Decimal"/>
          </outcomes>
          <respcondition continue="Yes">
            <conditionvar>
              <varequal respident="response1">3726</varequal>
            </conditionvar>
            <displayfeedback feedbacktype="Response" linkrefid="3726_fb"/>
          </respcondition>
          <respcondition continue="Yes">
            <conditionvar>
              <varequal respident="response1">4704</varequal>
            </conditionvar>
            <displayfeedback feedbacktype="Response" linkrefid="4704_fb"/>
          </respcondition>
          <respcondition continue="Yes">
            <conditionvar>
              <varequal respident="response1">9102</varequal>
            </conditionvar>
            <displayfeedback feedbacktype="Response" linkrefid="9102_fb"/>
          </respcondition>
          <respcondition continue="Yes">
            <conditionvar>
              <varequal respident="response1">8389</varequal>
            </conditionvar>
            <displayfeedback feedbacktype="Response" linkrefid="8389_fb"/>
          </respcondition>
          <respcondition continue="No">
            <conditionvar>
              <varequal respident="response1">3726</varequal>
            </conditionvar>
            <setvar action="Set" varname="SCORE">100</setvar>
          </respcondition>
        </resprocessing>
        <itemfeedback ident="3726_fb">
          <flow_mat>
            <material>
              <mattext texttype="text/html">&lt;p&gt;To estimate the total causal effect of G on W, no variables need to be adjusted for. The total causal effect is transmitted through two causal paths: G -&amp;gt; W and G -&amp;gt; D -&amp;gt; W. There are no non-causal paths from G to W, so nothing needs to be adjusted to block possible non-causal associations.&lt;/p&gt;</mattext>
            </material>
          </flow_mat>
        </itemfeedback>
        <itemfeedback ident="4704_fb">
          <flow_mat>
            <material>
              <mattext texttype="text/html">&lt;p&gt;S is not on a path from G to W, so it does not need to be adjusted.&lt;/p&gt;</mattext>
            </material>
          </flow_mat>
        </itemfeedback>
        <itemfeedback ident="9102_fb">
          <flow_mat>
            <material>
              <mattext texttype="text/html">&lt;p&gt;Adjusting for W would prevent us from estimating the causal effect on W.&lt;/p&gt;</mattext>
            </material>
          </flow_mat>
        </itemfeedback>
        <itemfeedback ident="8389_fb">
          <flow_mat>
            <material>
              <mattext texttype="text/html">&lt;p&gt;S is not on a path from G to W, so it does not need to be adjusted. If D is adjusted, it will block the causal path G -&amp;gt; D -&amp;gt; W, which will prevent us from measuring the total causal effect of G on W.&lt;/p&gt;</mattext>
            </material>
          </flow_mat>
        </itemfeedback>
      </item>
      <item ident="gf434919208c3c337766cc644c2fd4349" title="Adjust G on W for direct causal effect">
        <itemmetadata>
          <qtimetadata>
            <qtimetadatafield>
              <fieldlabel>question_type</fieldlabel>
              <fieldentry>multiple_choice_question</fieldentry>
            </qtimetadatafield>
            <qtimetadatafield>
              <fieldlabel>points_possible</fieldlabel>
              <fieldentry>1.0</fieldentry>
            </qtimetadatafield>
            <qtimetadatafield>
              <fieldlabel>original_answer_ids</fieldlabel>
              <fieldentry>7551,5696,4484,1691</fieldentry>
            </qtimetadatafield>
            <qtimetadatafield>
              <fieldlabel>assessment_question_identifierref</fieldlabel>
              <fieldentry>gae59bcdebd7932e28973b7a789d73edb</fieldentry>
            </qtimetadatafield>
          </qtimetadata>
        </itemmetadata>
        <presentation>
          <material>
            <mattext texttype="text/html">&lt;div&gt;
&lt;p&gt;Given the causal DAG below select the answer that shows all variables that you must adjust for to estimate the &lt;strong&gt;DIRECT causal effect of G on W&lt;/strong&gt;&lt;/p&gt;
&lt;p&gt;&lt;strong&gt;&lt;img src="https://uth.instructure.com/users/4912/files/2748861/preview?verifier=gyyy7zpe3oq0spYbXOdvfbLgjy6ScV0wl22RvD4T" alt="Q5dag.png" width="300" height="214"&gt;&lt;/strong&gt;&lt;/p&gt;
&lt;/div&gt;</mattext>
          </material>
          <response_lid ident="response1" rcardinality="Single">
            <render_choice>
              <response_label ident="7551">
                <material>
                  <mattext texttype="text/plain">D</mattext>
                </material>
              </response_label>
              <response_label ident="5696">
                <material>
                  <mattext texttype="text/plain">S</mattext>
                </material>
              </response_label>
              <response_label ident="4484">
                <material>
                  <mattext texttype="text/plain">W</mattext>
                </material>
              </response_label>
              <response_label ident="1691">
                <material>
                  <mattext texttype="text/plain">No variables require adjustment</mattext>
                </material>
              </response_label>
            </render_choice>
          </response_lid>
        </presentation>
        <resprocessing>
          <outcomes>
            <decvar maxvalue="100" minvalue="0" varname="SCORE" vartype="Decimal"/>
          </outcomes>
          <respcondition continue="Yes">
            <conditionvar>
              <varequal respident="response1">7551</varequal>
            </conditionvar>
            <displayfeedback feedbacktype="Response" linkrefid="7551_fb"/>
          </respcondition>
          <respcondition continue="Yes">
            <conditionvar>
              <varequal respident="response1">5696</varequal>
            </conditionvar>
            <displayfeedback feedbacktype="Response" linkrefid="5696_fb"/>
          </respcondition>
          <respcondition continue="Yes">
            <conditionvar>
              <varequal respident="response1">4484</varequal>
            </conditionvar>
            <displayfeedback feedbacktype="Response" linkrefid="4484_fb"/>
          </respcondition>
          <respcondition continue="Yes">
            <conditionvar>
              <varequal respident="response1">1691</varequal>
            </conditionvar>
            <displayfeedback feedbacktype="Response" linkrefid="1691_fb"/>
          </respcondition>
          <respcondition continue="No">
            <conditionvar>
              <varequal respident="response1">7551</varequal>
            </conditionvar>
            <setvar action="Set" varname="SCORE">100</setvar>
          </respcondition>
        </resprocessing>
        <itemfeedback ident="7551_fb">
          <flow_mat>
            <material>
              <mattext texttype="text/html">&lt;p&gt;G has two causal paths to W: G -&amp;gt; D -&amp;gt; W, and G -&amp;gt; W. The latter path represents the direct effect of G on W, whereas the former path represents the indirect effect through D. By adjusting for D, the indirect path is blocked, allowing us to estimate the direct effect of G on W.&lt;/p&gt;</mattext>
            </material>
          </flow_mat>
        </itemfeedback>
        <itemfeedback ident="5696_fb">
          <flow_mat>
            <material>
              <mattext texttype="text/html">&lt;p&gt;S is not on a causal (or non-causal) path from G to W, so does not need to be adjusted.&lt;/p&gt;</mattext>
            </material>
          </flow_mat>
        </itemfeedback>
        <itemfeedback ident="4484_fb">
          <flow_mat>
            <material>
              <mattext texttype="text/html">&lt;p&gt;Adjusting for W would prevent us from estimating the effect on W.&lt;/p&gt;</mattext>
            </material>
          </flow_mat>
        </itemfeedback>
        <itemfeedback ident="1691_fb">
          <flow_mat>
            <material>
              <mattext texttype="text/html">&lt;p&gt;In this DAG there are two causal paths (G -&amp;gt; W and G -&amp;gt; D -&amp;gt; W) and no non-causal paths. If we adjust for nothing, we can measure the &lt;strong&gt;total&lt;/strong&gt; (not the direct) effect of G on W (since G affects W through both causal paths). This question asks for the direct effect of G on W.&lt;/p&gt;</mattext>
            </material>
          </flow_mat>
        </itemfeedback>
      </item>
      <item ident="g7f0987695e89044ba7a4797b71a9e9bf" title="Question">
        <itemmetadata>
          <qtimetadata>
            <qtimetadatafield>
              <fieldlabel>question_type</fieldlabel>
              <fieldentry>multiple_choice_question</fieldentry>
            </qtimetadatafield>
            <qtimetadatafield>
              <fieldlabel>points_possible</fieldlabel>
              <fieldentry>1.0</fieldentry>
            </qtimetadatafield>
            <qtimetadatafield>
              <fieldlabel>original_answer_ids</fieldlabel>
              <fieldentry>8252,2942,4503,8553</fieldentry>
            </qtimetadatafield>
            <qtimetadatafield>
              <fieldlabel>assessment_question_identifierref</fieldlabel>
              <fieldentry>g3739df5fa211e0afffab8143d37f0b7e</fieldentry>
            </qtimetadatafield>
          </qtimetadata>
        </itemmetadata>
        <presentation>
          <material>
            <mattext texttype="text/html">&lt;div&gt;
&lt;p&gt;Given the causal DAG below select the answer that shows all variables that you must adjust for to estimate the direct causal effect of G on D&lt;/p&gt;
&lt;p&gt;&lt;img src="https://uth.instructure.com/users/4912/files/2748861/preview?verifier=gyyy7zpe3oq0spYbXOdvfbLgjy6ScV0wl22RvD4T" alt="Q5dag.png" width="300" height="214"&gt;&lt;/p&gt;
&lt;/div&gt;</mattext>
          </material>
          <response_lid ident="response1" rcardinality="Single">
            <render_choice>
              <response_label ident="8252">
                <material>
                  <mattext texttype="text/plain">No variables require adjustment</mattext>
                </material>
              </response_label>
              <response_label ident="2942">
                <material>
                  <mattext texttype="text/plain">W</mattext>
                </material>
              </response_label>
              <response_label ident="4503">
                <material>
                  <mattext texttype="text/plain">D</mattext>
                </material>
              </response_label>
              <response_label ident="8553">
                <material>
                  <mattext texttype="text/plain">S</mattext>
                </material>
              </response_label>
            </render_choice>
          </response_lid>
        </presentation>
        <resprocessing>
          <outcomes>
            <decvar maxvalue="100" minvalue="0" varname="SCORE" vartype="Decimal"/>
          </outcomes>
          <respcondition continue="Yes">
            <conditionvar>
              <varequal respident="response1">8252</varequal>
            </conditionvar>
            <displayfeedback feedbacktype="Response" linkrefid="8252_fb"/>
          </respcondition>
          <respcondition continue="Yes">
            <conditionvar>
              <varequal respident="response1">2942</varequal>
            </conditionvar>
            <displayfeedback feedbacktype="Response" linkrefid="2942_fb"/>
          </respcondition>
          <respcondition continue="Yes">
            <conditionvar>
              <varequal respident="response1">4503</varequal>
            </conditionvar>
            <displayfeedback feedbacktype="Response" linkrefid="4503_fb"/>
          </respcondition>
          <respcondition continue="Yes">
            <conditionvar>
              <varequal respident="response1">8553</varequal>
            </conditionvar>
            <displayfeedback feedbacktype="Response" linkrefid="8553_fb"/>
          </respcondition>
          <respcondition continue="No">
            <conditionvar>
              <varequal respident="response1">8252</varequal>
            </conditionvar>
            <setvar action="Set" varname="SCORE">100</setvar>
          </respcondition>
        </resprocessing>
        <itemfeedback ident="8252_fb">
          <flow_mat>
            <material>
              <mattext texttype="text/html">&lt;p&gt;There is only one causal path from G to D (G -&amp;gt; D) and one non-causal path:&lt;/p&gt;
&lt;p&gt;G -&amp;gt; W &amp;lt;- D&lt;/p&gt;
&lt;p&gt;Since W is a collider on this path (both arrows point into W), the non-causal path is blocked as long we do NOT ADJUST FOR W. As a result, we can estimate the direct effect of G on D without adjusting for any variables. If we adjusted for W, it would open the path containing W, which would bias the causal effect estimate of G on D by introducing confounding.&lt;/p&gt;</mattext>
            </material>
          </flow_mat>
        </itemfeedback>
        <itemfeedback ident="2942_fb">
          <flow_mat>
            <material>
              <mattext texttype="text/html">&lt;p&gt;W is on a  non-causal path from G to D:&lt;/p&gt;
&lt;p&gt;G -&amp;gt; W &amp;lt;- D&lt;/p&gt;
&lt;p&gt;Since W is a collider on this path (both arrows point into W), the path is blocked as long as we do not adjust for W.  Adjusting for W would open the path containing W, which would bias the causal effect estimate of G on D by introducing confounding.&lt;/p&gt;</mattext>
            </material>
          </flow_mat>
        </itemfeedback>
        <itemfeedback ident="4503_fb">
          <flow_mat>
            <material>
              <mattext texttype="text/html">&lt;p&gt;Adjusting for D would prevent us measuring the effect on D.&lt;/p&gt;</mattext>
            </material>
          </flow_mat>
        </itemfeedback>
        <itemfeedback ident="8553_fb">
          <flow_mat>
            <material>
              <mattext texttype="text/html">&lt;p&gt;S is not on a path from G to D, so it does not need to be adjusted for.&lt;/p&gt;</mattext>
            </material>
          </flow_mat>
        </itemfeedback>
      </item>
      <item ident="g983e7062a5cab9a6cfe21aaeeba49f27" title="Question">
        <itemmetadata>
          <qtimetadata>
            <qtimetadatafield>
              <fieldlabel>question_type</fieldlabel>
              <fieldentry>multiple_choice_question</fieldentry>
            </qtimetadatafield>
            <qtimetadatafield>
              <fieldlabel>points_possible</fieldlabel>
              <fieldentry>1.0</fieldentry>
            </qtimetadatafield>
            <qtimetadatafield>
              <fieldlabel>original_answer_ids</fieldlabel>
              <fieldentry>5525,3753,5807,8333</fieldentry>
            </qtimetadatafield>
            <qtimetadatafield>
              <fieldlabel>assessment_question_identifierref</fieldlabel>
              <fieldentry>gf8ec2bfe0076cf9268d0e82665214cbd</fieldentry>
            </qtimetadatafield>
          </qtimetadata>
        </itemmetadata>
        <presentation>
          <material>
            <mattext texttype="text/html">&lt;div&gt;
&lt;p&gt;Given the causal DAG below, to estimate the causal effect of S on W you must adjust for G. Assuming that observational data is stored in a variable named dobs, which of the following R regression expressions will give the correct causal effect estimate?&lt;/p&gt;
&lt;p&gt;&lt;img src="https://uth.instructure.com/users/4912/files/2748861/preview?verifier=gyyy7zpe3oq0spYbXOdvfbLgjy6ScV0wl22RvD4T" alt="Q5dag.png" width="300" height="215"&gt;&lt;/p&gt;
&lt;/div&gt;</mattext>
          </material>
          <response_lid ident="response1" rcardinality="Single">
            <render_choice>
              <response_label ident="5525">
                <material>
                  <mattext texttype="text/plain">lm(W ~ S + G, dobs)</mattext>
                </material>
              </response_label>
              <response_label ident="3753">
                <material>
                  <mattext texttype="text/html">&lt;p&gt;lm(W ~ S, dobs)&lt;/p&gt;</mattext>
                </material>
              </response_label>
              <response_label ident="5807">
                <material>
                  <mattext texttype="text/plain">lm(G ~ S + W, dobs)</mattext>
                </material>
              </response_label>
              <response_label ident="8333">
                <material>
                  <mattext texttype="text/plain">lm(W ~ G, dobs)</mattext>
                </material>
              </response_label>
            </render_choice>
          </response_lid>
        </presentation>
        <resprocessing>
          <outcomes>
            <decvar maxvalue="100" minvalue="0" varname="SCORE" vartype="Decimal"/>
          </outcomes>
          <respcondition continue="Yes">
            <conditionvar>
              <varequal respident="response1">5525</varequal>
            </conditionvar>
            <displayfeedback feedbacktype="Response" linkrefid="5525_fb"/>
          </respcondition>
          <respcondition continue="Yes">
            <conditionvar>
              <varequal respident="response1">3753</varequal>
            </conditionvar>
            <displayfeedback feedbacktype="Response" linkrefid="3753_fb"/>
          </respcondition>
          <respcondition continue="Yes">
            <conditionvar>
              <varequal respident="response1">5807</varequal>
            </conditionvar>
            <displayfeedback feedbacktype="Response" linkrefid="5807_fb"/>
          </respcondition>
          <respcondition continue="Yes">
            <conditionvar>
              <varequal respident="response1">8333</varequal>
            </conditionvar>
            <displayfeedback feedbacktype="Response" linkrefid="8333_fb"/>
          </respcondition>
          <respcondition continue="No">
            <conditionvar>
              <varequal respident="response1">5525</varequal>
            </conditionvar>
            <setvar action="Set" varname="SCORE">100</setvar>
          </respcondition>
        </resprocessing>
        <itemfeedback ident="5525_fb">
          <flow_mat>
            <material>
              <mattext texttype="text/html">&lt;p&gt;Since you want to determine the effect of S on W, you must regress W on S. To adjust for G you add G to the regression expression using "+ G". Adding D to this expression (as in lm(W ~ S + G + D, dobs)) would actually block the causal effect from S to W, because adjusting for D blocks the path S -&amp;gt; D -&amp;gt; W.&lt;/p&gt;</mattext>
            </material>
          </flow_mat>
        </itemfeedback>
        <itemfeedback ident="3753_fb">
          <flow_mat>
            <material>
              <mattext texttype="text/html">&lt;p&gt;This produces a biased estimate of the effect of S on W, because it does not adjust for G.&lt;/p&gt;</mattext>
            </material>
          </flow_mat>
        </itemfeedback>
        <itemfeedback ident="5807_fb">
          <flow_mat>
            <material>
              <mattext texttype="text/html">&lt;p&gt;To estimate the causal effect of a target variable on an outcome, the outcome must be regressed on the target. In R that means the the outcome is to the left of the tilde (~). This R expression regresses G on S and W, but since neither S nor W cause G, the results are purely associational and also have nothing to do with the causal effect of S on W.&lt;/p&gt;</mattext>
            </material>
          </flow_mat>
        </itemfeedback>
        <itemfeedback ident="8333_fb">
          <flow_mat>
            <material>
              <mattext texttype="text/html">&lt;p&gt;This adjusts for G, but fails to include S, so it cannot estimate the effect of S on W. Instead, this estimates the total effect of G on W. (Be sure you understand why.)&lt;/p&gt;</mattext>
            </material>
          </flow_mat>
        </itemfeedback>
      </item>
      <item ident="g8513dba04ff58334a26c9189189c8ae2" title="Question">
        <itemmetadata>
          <qtimetadata>
            <qtimetadatafield>
              <fieldlabel>question_type</fieldlabel>
              <fieldentry>numerical_question</fieldentry>
            </qtimetadatafield>
            <qtimetadatafield>
              <fieldlabel>points_possible</fieldlabel>
              <fieldentry>1.0</fieldentry>
            </qtimetadatafield>
            <qtimetadatafield>
              <fieldlabel>original_answer_ids</fieldlabel>
              <fieldentry>6278</fieldentry>
            </qtimetadatafield>
            <qtimetadatafield>
              <fieldlabel>assessment_question_identifierref</fieldlabel>
              <fieldentry>gb90d737aa63e56812c9fb6a593d179a9</fieldentry>
            </qtimetadatafield>
          </qtimetadata>
        </itemmetadata>
        <presentation>
          <material>
            <mattext texttype="text/html">&lt;div&gt;
&lt;p&gt;Given the causal DAG below to estimate the direct causal effect of D on W, with the observational data stored in a variable called dobs, you perform the regression lm(W ~ D + G, dobs) which returns: W = 50 + 10&lt;em&gt;D + 5&lt;/em&gt;G, Given this result, what is the direct causal effect of D on W?&lt;/p&gt;
&lt;p&gt;&lt;img src="https://uth.instructure.com/users/4912/files/2748861/preview?verifier=gyyy7zpe3oq0spYbXOdvfbLgjy6ScV0wl22RvD4T" alt="Q5dag.png" width="300" height="214"&gt;&lt;/p&gt;
&lt;/div&gt;</mattext>
          </material>
          <response_str ident="response1" rcardinality="Single">
            <render_fib fibtype="Decimal">
              <response_label ident="answer1"/>
            </render_fib>
          </response_str>
        </presentation>
        <resprocessing>
          <outcomes>
            <decvar maxvalue="100" minvalue="0" varname="SCORE" vartype="Decimal"/>
          </outcomes>
          <respcondition continue="No">
            <conditionvar>
              <or>
                <varequal respident="response1">10.0</varequal>
                <and>
                  <vargte respident="response1">10.0</vargte>
                  <varlte respident="response1">10.0</varlte>
                </and>
              </or>
            </conditionvar>
            <setvar action="Set" varname="SCORE">100</setvar>
            <displayfeedback feedbacktype="Response" linkrefid="6278_fb"/>
          </respcondition>
          <respcondition continue="Yes">
            <conditionvar>
              <other/>
            </conditionvar>
            <displayfeedback feedbacktype="Response" linkrefid="general_incorrect_fb"/>
          </respcondition>
        </resprocessing>
        <itemfeedback ident="general_incorrect_fb">
          <flow_mat>
            <material>
              <mattext texttype="text/html">&lt;p&gt;Review the lecture video or slides for how to interpret coefficients of regression results with respect to causal effects.&lt;/p&gt;</mattext>
            </material>
          </flow_mat>
        </itemfeedback>
        <itemfeedback ident="6278_fb">
          <flow_mat>
            <material>
              <mattext texttype="text/html">&lt;p&gt;In a linear model that is properly adjusted to block all backdoor paths, the coefficient on the target variable (D) directly estimates the causal effect on the outcome (W). In the DAG above, we must adjust for G in order to estimate the effect of D on W. The regression expression correctly adjusts for G by adding it as a covariate: W ~ D + G. As a result, the resulting coefficient on D is the direct causal effect of D on W.&lt;/p&gt;</mattext>
            </material>
          </flow_mat>
        </itemfeedback>
      </item>
      <item ident="g8382506baad736c3cee8457b68d44b19" title="Question">
        <itemmetadata>
          <qtimetadata>
            <qtimetadatafield>
              <fieldlabel>question_type</fieldlabel>
              <fieldentry>numerical_question</fieldentry>
            </qtimetadatafield>
            <qtimetadatafield>
              <fieldlabel>points_possible</fieldlabel>
              <fieldentry>1.0</fieldentry>
            </qtimetadatafield>
            <qtimetadatafield>
              <fieldlabel>original_answer_ids</fieldlabel>
              <fieldentry>2614</fieldentry>
            </qtimetadatafield>
            <qtimetadatafield>
              <fieldlabel>assessment_question_identifierref</fieldlabel>
              <fieldentry>gdf434b581db51063e96c0cc241c5dc81</fieldentry>
            </qtimetadatafield>
          </qtimetadata>
        </itemmetadata>
        <presentation>
          <material>
            <mattext texttype="text/html">&lt;div&gt;&lt;p&gt;Suppose that you intervene and randomly assign patients to either 10 units of exercise or 20 units of exercise (E) per week. At the end of 1 month you measure resting pulse rate (R). You find that the E(R| E = 20) = 40, while the E(R | E = 10) = 45. What is the average causal effect of exercise on resting pulse rate according to these results? Enter the absolute value of the causal effect.&lt;/p&gt;&lt;/div&gt;</mattext>
          </material>
          <response_str ident="response1" rcardinality="Single">
            <render_fib fibtype="Decimal">
              <response_label ident="answer1"/>
            </render_fib>
          </response_str>
        </presentation>
        <resprocessing>
          <outcomes>
            <decvar maxvalue="100" minvalue="0" varname="SCORE" vartype="Decimal"/>
          </outcomes>
          <respcondition continue="No">
            <conditionvar>
              <or>
                <varequal respident="response1">5.0</varequal>
                <and>
                  <vargte respident="response1">5.0</vargte>
                  <varlte respident="response1">5.0</varlte>
                </and>
              </or>
            </conditionvar>
            <setvar action="Set" varname="SCORE">100</setvar>
            <displayfeedback feedbacktype="Response" linkrefid="2614_fb"/>
          </respcondition>
          <respcondition continue="Yes">
            <conditionvar>
              <other/>
            </conditionvar>
            <displayfeedback feedbacktype="Response" linkrefid="general_incorrect_fb"/>
          </respcondition>
        </resprocessing>
        <itemfeedback ident="general_incorrect_fb">
          <flow_mat>
            <material>
              <mattext texttype="text/html">&lt;p&gt;Review the video or slides on calculating the average causal effect.&lt;/p&gt;</mattext>
            </material>
          </flow_mat>
        </itemfeedback>
        <itemfeedback ident="2614_fb">
          <flow_mat>
            <material>
              <mattext texttype="text/html">&lt;p&gt;The average causal effect (ACE) is just the difference in the expected value an outcome given two different interventions on a second variable. In this case, ACE is either:&lt;/p&gt;
&lt;p&gt;E(R| E = 20) - E(R | E = 10) = 40 - 45 = -5&lt;/p&gt;
&lt;p&gt;or &lt;/p&gt;
&lt;p&gt;E(R| E = 10) - E(R | E = 20) = 45 - 40 = 5&lt;/p&gt;
&lt;p&gt;Either way, the absolute value is 5.&lt;/p&gt;
&lt;p&gt; &lt;/p&gt;</mattext>
            </material>
          </flow_mat>
        </itemfeedback>
      </item>
    </section>
  </assessment>
</questestinterop>
